"@timestamp","movie_title","tomatometer_status","audience_rating","tomatometer_rating",cast
"1982-08-12T16:00:00.000Z","Fast Times At Ridgemont High","Certified Fresh",80,78,"Sean Penn, Jennifer Jason Leigh, Judge Reinhold, Robert Romanus, Brian Backer, Phoebe Cates, Ray Walston, Scott Thomson, Vincent Schiavelli, Amanda Wyss, D.W. Brown, Forest Whitaker, Kelli Maroney, Tom Nolan, Blair Ashleigh, Eric Stoltz, Stanley Davis Jr., James Russo, James Bershad, Nicolas Cage, Reginald H. Farmer, Anthony Edwards, Pamela Springsteen, Stuart Cornfield, Stuart Cornfeld, Sonny Carl Davis, Michael Wyle, David F. Price, Patrick Brennan, Julie Guilmette, Shelly O'Neill, Stu Nahan, Duane Tucker, Martin Brest, Douglas Brian Martin, Steven M. Martin, Taylor Negron, Kenny Lawrence, John Hollander, Ricky Redlich, Nancy Wilson, Virginia Peters, Laurie Hendricks, Lois Brandt, Ellen Fenwick, Cherie Effron, Suzanne Marie Fava, Lana Clarkson, Roy Holmer Wallack, Ava Lazar, Lori Sutton"
"1983-10-06T16:00:00.000Z","Rumble Fish",Fresh,80,70,"Matt Dillon, Mickey Rourke, Diane Lane, Dennis Hopper, Diana Scarwid, Vincent Spano, Nicolas Cage, Christopher Penn, Laurence Fishburne, William Smith, Michael Higgins, Sofia Coppola, Glenn Withrow, Dominot, Tom Waits, Herb Rice, Maybelle Wallace, Nona Manning, S.E. Hinton, Emmett Brown, Tracey Walter, Lance William Guecia, Bob Maras, J.T. Turner, Keeva Clayton, Chris Penn, Kirsten Hayden, Karen Parker, Sussannah Darcy, Kristi Somers"
"1984-03-22T16:00:00.000Z","Racing With the Moon",Fresh,62,60,"Sean Penn, Nicolas Cage, Elizabeth McGovern, John Karlen, Rutanya Alda, Max Showalter, Suzanne Adkinson, Crispin Glover, Barbara Howard, Bob Maroff, Dominic Nardini, Steve Lambert, John Brandon, Walter Matthews, Eve Brent Ashe, Arlin Miller, Shawn Schepps, Charles Miller, Patricia Allison, Jan Rabson, Al Hopson, Ted Grossman, Dominick Nardini, Scott McGinnis, Sue Allen, Brian Trumbull, Kate Williamson, Julie Philips, Fielding Greaves, Arnold Johnson, Kevin Fraser, Gerry Gibson, Shane Kerwin, Page Hannah, Jonathan Charles Fox, Michael Madsen, Dana Carvey, Victor Rendina, Rebecca Pollack, Victor Paul, Lou Butera, Michael Talbott, Phil Adams, Chuck Picerni Jr., Phillip Romano, Carol Kane"
"1984-12-20T16:00:00.000Z",Birdy,Fresh,84,85,"Matthew Modine, Nicolas Cage, John Harkins, Sandy Baron, Karen Young, Bruno Kirby, Nancy Fish, Delores Sage, Dolores Sage, Robert L. Ryan, James Santini, Robert Ryan, Chris Taylor, Maude Winchester, Juliet Taylor, Marshall Bell, Elizabeth Whitcraft, George 'Buck' Flower, Sandra Beall, Maud Winchester, Victoria Nekko, Crystal Field, Joe Lerer, Alice Truscott, Ed Taylor, John Brumfield, Irving Selbst, Steve Lippe, William Clark, James Pruett, Priscilla Alden, Howard Kinsley, Robert LeRoy Diamond, Guy Jones, Bud Seese, Erskine Morgan, Maurice Frizzell Jr., Andy Mark Simpson, Michael Runyard, Richard Mason, Mic Rodgers, Charles Tamburro, Michael Shaner, Tim Davis, Harry Hauss"
"1986-12-31T16:00:00.000Z","Raising Arizona","Certified Fresh",85,91,"Nicolas Cage, Holly Hunter, Trey Wilson, John Goodman, William Forsythe, T.J. Kuhn, Sam McMurray, Lynne Dumin Kitel, Frances McDormand, Lynne Dumin Kitei, Mary Francis Glenn, Peter Benedek, Randall ""Tex"" Cobb, Warren Keith, Charles ""Lew"" Smith, Sidney Dawson, Richard Blake, Troy Nabors, Mary Seibel, John O'Donnal, Keith Jandacek, Warren Forsythe, Ruben Young, Dennis Sullivan, Dick Alexander, Rusty Lee, James Yeater, Bill Andres, Richard Alexander, Carver Barnes, Margaret H. McCormack, Bill Rocz, Mary F. Glenn, Jeremy Babendure, Bill Dobbins, Ralph Norton, Henry Tank, Frank Outlaw, Todd Michael Rogers, M. Emmet Walsh, Robert Gray, Katie Thrasher, Derek Russell, Nicole Russell, Zachary Sanders, Noell Sanders, Cody Ranger, Jeremy Arendt, Ashley Hammon, Crystal Hiller, Olivia Hughes, William Preston Robertson, Emily Malin, Melanie Malin, Craig McLaughlin, Adam Savageau, Benjamin Savageau, David Schneider, Michael Stewart"
"1987-12-17T16:00:00.000Z",Moonstruck,"Certified Fresh",81,93,"Cher, Nicolas Cage, Olympia Dukakis, Fyodor Chaliapin, Nada Despotovich, Vincent Gardenia, Danny Aiello, Julie Bovasso, John Mahoney, Louis Guss, Feodor Chaliapin Jr., Anita Gillette, Nada Despotovich, Joe Grifasi, Robin Bartlett, Helen Hanft, David S. Howard, Robert Weil, Amy Aquino, Tony Azito, Frank Gio, Ann McDonough, John Christopher Jones, Lisa Howard, Cynthia Dale, Nicholas Pasco, Al Therrien, Louis Di Bianco, Tommy Hollis, Matt Myers, Mimi Cecchini, Catherine Scorsese"
"1987-12-31T16:00:00.000Z",Big,"Certified Fresh",82,97,"Tom Hanks, Jared Rushton, Elizabeth Perkins, Robert Loggia, David Moscow, John Heard, Mercedes Ruehl, Jon Lovitz, Josh Clark, Kimberlee M. Davis, Oliver Block, Jon Levita, Erica Katz, Allan Wasserman, Mark Ballou, Gary Howard Klar, Alec Von Sommer, Erika Katz, Chris Dowden, Rockets Redglare, Paul Herman, Nancy Giles, Jordan Thaler, Dana Kaminski, Harvey Miller, Tracy Reiner, James Eckhouse, Jamie Tirelli, Linda Gillen, Mildred R. Vandever, Debra Jo Rupp, Keith Reddin, Lela Ivey, Paul L.Q. Lee, Dolores Messina, Gordon Press, George J. Manos, Vinny Capone, Susan Wilder, John Rothman, Judd Trichter, Pasquale Pugliese, Vaughn Sandman, Bruce Jarchow, Samantha Larkin, Edward Schick, Bert Goldstein, Kevin Meaney, Peter McRobbie, Paul J.Q. Lee, Tom Coviello, Richard Devia, Teddy Holiavko, Augusto Mariani, Alfredo Monti, Sergio Mosetti, Armando Penso, F. Benjamin Stimler, Jonathan Isaac Landau"
"1989-02-16T16:00:00.000Z","The 'Burbs",Rotten,71,53,"Tom Hanks, Bruce Dern, Carrie Fisher, Rick Ducommun, Corey Feldman, Henry Gibson, Wendy Schaal, Theodore Gottlieb, Courtney Gains, Gale Gordon, Cory Danziger, Heather Haase, Nick Katt, Brenda Benner, Patrika Darbo, Dick Miller, Robert Picardo, Franklyn Ajaye, Bill Stevenson, Nicky Katt, Rance Howard, Dana Olsen, Kevin Gage, Gary Hays"
"1992-02-20T16:00:00.000Z","Radio Flyer",Rotten,72,33,"Elijah Wood, Joseph Mazzello, Adam Baldwin, Lorraine Bracco, John Heard, Ben Johnson, Sean Baca, Tom Hanks, Robert Munic, Garette Ratliff Henson, Mike Fenton, Noah Verduzco, Isaac Ocampo, Valorie Massalas, Kaylan Romero, Rhea Perlman, Abraham J. Verduzco, T.J. Evans, Judy Taylor, Victor DiMattia, Adam Hendershott, Daniel Bieber, Coleby Lombardo, Mike Simmrin, Elden Henson, Lennard Camarillo, Lois Foraker, William J. Bonnel, Henry LaPlante, Stephen Kahan, Steven A. Jones, Steven Anthony Jones, Scott Lloyd Nimerfro, Paul Tuerpé, Reye Reed, Susan Gale Linn, Dawan Scott, James Oliver, Michael Maiello, Hattie Schwartzberg, Joan Hyman, John Mazzello, Hannah Wood, James W. Gavin"
"1992-06-30T16:00:00.000Z","A League of Their Own","Certified Fresh",84,78,"Tom Hanks, Geena Davis, Lori Petty, Madonna, Rosie O'Donnell, Jon Lovitz, Megan Cavanagh, Tracy Reiner, David Strathairn, Garry Marshall, Bill Pullman, Bitty Schram, Ann Cusack, Freddie Simpson, Renée Coleman, Robin Knight, Anne Ramsay, Patti Pelton, Kelli Simpkins, Neezer Tarleton, Connie Pounds-Taylor, Kathleen Marshall, Sharon Szmidt, Pauline Brailsford, Ellen Lewis, Justin Scheller, Eddie Jones, Amanda Mackey, Alan Wilder, R.M. Haley, Don S. Davis, Janet Jones, Joey Slotnick, Brenda Ferrari, Téa Leoni, Laurel Cronin, Robert Stanton, Wantland L. Sandel Jr., Patricia J. Wilson, Joe Krowka, Harry Shearer, Ryan Howell, Brian Boru Gleeson, David Franks, Ryan Olsen, Ellie Weingardt, Larissa Collins, Douglas Blakeslee, Joseph Slotnick, Brian Flannery, Stephen Feagley, Rae Allen, Gregory Sporleder, Eddie Mekka, Stephen Mailer, Blaire Baron, Ray Chapman, Joette Hodgen, Lynn Cartwright, Kathleen Butler, Eunice Anderson, Vera Johnson, Patricia Wilson, Mark Holton, Barbara Erwin, Betty Miller, Eugenia McLin, Marvin Einhorn, Shirley Burkovich, Dolores ""Pickles"" Dries, Lisa Hand, Cheryl Jones, Shelly Niemeyer, Sally Rutherford, Lita Scmitt, Barbara Pilavin Gelber, Amanda Walker, Brenda Watson, Cherry Jones"
"1993-12-21T16:00:00.000Z",Philadelphia,"Certified Fresh",89,80,"Tom Hanks, Denzel Washington, Antonio Banderas, Jason Robards, Mary Steenburgen, Ron Vawter, Joanne Woodward, Robert Ridgely, Paul Lazar, Bradley Whitford, Tracey Walter, John Bedford Lloyd, Andre B. Blake, Robert W. Castle, Robert Castle, Daniel Chapman, Molly Hickok, Dan Olmstead, Ann Dowd, Elizabeth Roby, David Drake, Obba Babatundé, Charles Napier, Roger Corman, Charles Glenn, Roberta Maxwell, Buzz Kilman, Karen Finley, Anna Deavere Smith, Warren Miller, Stephanie Roth, Julius ""Dr. J"" Erving, Dodie Demme, Joey Perillo, Kenneth Utt, Lauren Roselli, James B. Howard, Charles Techman, Jim Roche, Daniel von Bargen, Kathryn Witt, Jane Moore, Adam Le Fevre, Jordan Cael, Harry Northrup, Steve Vignari, Lawrence T. Wrentz, Donna Hamilton, Tony Fitzpatrick, Ira Flitter, Gene Borkan, Lucas Platt, Lewis Walker, Randy Aaron Fink, Lisa Summerour, Howard Feuer, Paul Moore, Gary Goetzman, Karen Finley (II)"
"1994-07-05T16:00:00.000Z","Forrest Gump",Fresh,95,72,"Tom Hanks, Robin Wright, Gary Sinise, Mykelti Williamson, Sally Field, Haley Joel Osment, Michael Conner Humphreys, Hanna R. Hall, Ellen Lewis, Dick Cavett, Rebecca Williams, Geoffrey Blake, George Kelly, Bob Penny, John Randall, Sam Anderson, Margo Moorer, Ione M. Telech, Christine Seabrook, John Worsham, Peter Dobson, Siobhan Fallon Hogan, Alexander Zemeckis, Logan Livingston Gomez, Ben Waddel, Elizabeth Hanks, Tyler Long, John William Galt, Christopher Jones, Grady Bowman, Kevin Mangan, Fay Genens, Frank Geyer, Joe Alaskey, Rob Landry, Jason McGuire, Pete Auster, Sonny Shroyer, Brett Rice, Ed Davis, Daniel Striepeke, Mary Ellen Trainor, Bruce Lucvia, David Brisbin, Kirk Ward, Aaron Michael Lacey, Angela Lomas, Timothy Record, Deborah McTeer, Mark Matheisen, Al Harrington, Bob Harks, Don Fischer, Kenneth Bevington, Michael Flannery, Gary Robinson, Marlena Smalls, Kitty K. Green, Afemo Omilami, Matt Wallace, Dante McCarthy, Paulie DiCocco III, Mike Jolly, Michael Kemmerling, John Voldstad, Jeffrey Winner, Russ Wilson, Daniel J. Gillooly, Calvin Gadsden, Aaron Izbicki, Michael Burgess, Steven Griffith, Bill Roberson, Michael McFall, Eric Underwood, Stephan Derelian, Byron Minns, Bonnie Ann Burgess, Oliver Scott, Hilary Chaplain, Isabel Rose, Jay Ross, Richard D'Allesandro, Dick Stilwell, Kevin Davis, Michael Jace, Tim Perry, Vanessa Roth, Emily Carey, Paul Raczkowski, Valentino, Tiffany Salerno, Marla Sucharetza, Aloysius Gigl, Jack Bowden, Lazarus Jackson, Benson W. Terry, Matt Rebenkoff, Peter Bannon, Joe Washington, Nora Dunfee, Natalie Hendrix, Hallie D'Amore, Jim Hanks, Chiffonye Cobb, Juan Singleton, Bobby K. Richardson, Michael Mattison, Lenny Herb, Charles Boswell, Tim McNeil, Lonnie Hamilton, Teresa Denton, Hanna Hall, Harold G. Herthum, Tommy Johnson"
"1995-06-29T16:00:00.000Z","Apollo 13","Certified Fresh",87,95,"Bill Paxton, Tom Hanks, Kevin Bacon, Gary Sinise, Ed Harris, Kathleen Quinlan, David Andrews, Xander Berkeley, Mary Kate Schellhardt, Emily Ann Lloyd, Miko Hughes, Max Elliott Slade, Jean Speegle Howard, Tracy Reiner, Michelle Little, Chris Ellis, Joe Spano, Marc McClure, Ben Marley, Clint Howard, Loren Dean, Tom Wood, Frank Lovell, Googy Gress, Patrick Mickler, Ray McKinnon, Max Grodénchik, Christian Clemenson, Brett Cullen, Ned Vaughn, Andy Milder, Geoffrey Blake, Wayne Duvall, Jim Meskimen, Joseph Culp, John Short, Ben Bode, Andrew Lipschultz, Todd Louiso, Gabriel Jarret, Christopher John Fields, Kenneth White, Jim Ritz, Andrew Lipshultz, Mark Wheeler, Larry B. Williams, Endre Hules, Karen Martin, Maureen Hanley, Meadow Williams, Walter von Huene, Brian Markinson, Steve Rankin, John Dullaghan, Austin O'Brien, John Wheeler, Louisa Marie, Paul Mantee, Thom Barry, Julie Donatt, Arthur Senzy, Carl Gabriel Yorke, Frank Cavestani, Ryan Holihan, John M. Mathews, Rance Howard, Jane Jenkins, Todd Hallowell, James Ritz, Matthew Goodall, Taylor Goodall, Steve Ruge, Misty Dickinson, Herbert Jefferson Jr., Roger Corman, Lee Anne Matusek, Mark D. Newman, Mark McKeel, Patty Raya MacMillan, Jack Conley, Jeffrey S. Kluger, Bruce Wright, Ivan Allen, Rt. Rev. J. Jon Bruno, Reed Rudy, Steve Bernie, Steven Ruge"
"1995-10-26T16:00:00.000Z","Leaving Las Vegas","Certified Fresh",85,90,"Nicolas Cage, Elisabeth Shue, Julian Sands, Richard Lewis, Valeria Golino, Graham Beckel, R. Lee Ermey, Laurie Metcalf, David Brisbin, Xander Berkeley, Lou Rawls, Albert Henderson, Steven Weber, Kim Adams, Emily Procter, Stuart Regen, Al C. Henderson, Shashi Bhatia, Carey Lowell, Anne Lange, Thomas Kopache, Vincent Ward, French Stewart, Lucinda Jenney, Mike Figgis, Waldemar Kalinowski, Ed Lauter, David Kriegel, Bill Thompson, Marek Stabrowski, Mariska Hargitay, Danny Huston, Shawnee Smith, Paul Quinn, Julian Lennon, Tracy Thorne, Bob Rafelson, Susan Barnes, Marc Coppola, Michael A. Goorjian, Davidlee Willson, Sergio Premoli, Gordon Michaels"
"1995-11-21T16:00:00.000Z","Toy Story","Certified Fresh",92,100,"Tom Hanks, Tim Allen, Don Rickles, Jim Varney, Wallace Shawn, John Ratzenberger, Annie Potts, John Morris, Erik von Detten, Laurie Metcalf, R. Lee Ermey, Sarah Freeman, Penn Jillette, Joe Ranft"
"1996-03-14T16:00:00.000Z","The Celluloid Closet",Fresh,89,96,"Lily Tomlin, Joseph Breen, Susie Bright, Tony Curtis, Quentin Crisp, Harvey Fierstein, Richard Dyer, Whoopi Goldberg, Jay Presson Allen, Farley Granger, Arthur Laurents, Shirley MacLaine, Jan Oxenberg, Paul Rudnick, Mart Crowley, Antonio Fargas, Barry Sandler (II), Tom Hanks, Ron Nyswaner, Gore Vidal, Daniel Melnick, Harry Hamlin, Armistead Maupin, John Schlesinger, Stewart Stern, Susan Sarandon, Antonio Banderas, Sharon Stone"
"1996-06-06T16:00:00.000Z","The Rock",Fresh,85,66,"Sean Connery, Nicolas Cage, Ed Harris, Michael Biehn, William Forsythe, David Morse, John Spencer, John C. McGinley, Tony Todd, Bokeem Woodbine, Danny Nucci, Vanessa Marcil Giovinazzo, Gregory Sporleder, Jim Maniaci, Greg Collins, Brendan Kelly, Steve Harris, Claire Forlani, Celeste Weaver, Todd Louiso, David Bowe, Raquel Krelle, Dennis Chalker, Marshall R. Teague, Duffy Gaver, Steve Decker, Joseph Hawes, Carlos Sandoval, Mike Mahrer, Rick Toms, Billy Devlin, Jack Yates, Juan A. Riojas, Joseph Patrick Kelly, Ingo Neuhaus, Harry Humphries, Howard Platt, Willie Garson, John Nathan Turner, Robert M. Anselmo, Jack Ford, T.J. Hageboeck, Dwight Hicks, Ralph Peduto, Anthony Clark, Andy Ryan, Hans Georg Struhar, Robert C. Besgrove, Sean Skelton, Raymond O'Connor, Jane Sanguinetti Luenell, Luenell, John W. Love Jr., Sam Whipple, Tom Towles, Robert Ben Rajab, Ronald Simmons, Leonard McMahan, Anthony Guidera, Jim Caviezel, John Enos III, Ken Kells, Fred Salvallon, Buck Kartalian"
"1996-10-03T16:00:00.000Z","That Thing You Do!","Certified Fresh",78,93,"Johnathon Schaech, Liv Tyler, Steve Zahn, Ethan Embry, Charlize Theron, Tom Hanks, Obba Babatundé, Giovanni Ribisi, Chris Ellis, Alex Rocco, Bill Cobbs, Peter Scolari, Rita Wilson, Chris Isaak, Robert Torti, Kevin Pollak, Howie Long, Chaille Percival, Holmes Osborne Jr., Claudia Stedelin, Dawn Maxey, Jack Milo, Keith Neubert, Lee Everett, Sean Whalen, Clint Howard, Sarah Koskoff, Mark Brettschneider, Kathleen Kinmont, Warren Berlinger, Clive Rosengren, Brittney Powell, Jonathan Demme, Erika Greene, Dave Oliver, Tracy Reiner, Barry Sobel, Paul Feig, Gedde Watanabe, Michael P. Byrne, Dick Corman, Diane McGee, Randy Fechter, Mars Callahan, Benjamin John Parrillo, Robert Ridgely, Marc McClure, Karen Praxel, Paulie DiCocco III, Bryan Cranston, Charlie Frye, Colin Hanks, Elizabeth Hanks, Bill Wiley, Cheryl L. Bruton, Heather Hewitt, Renee Lippin, Carol Androsky, Ginger Slaughter, Robert Wisdom, Larry Antoinio, Kennya J. Ramsey, Julie L. Harkness, Darlene Dillinger, Jennifer York, Bethany Hartf, Kathy Stuber, Cathryne Senescu, Steve Billington, Andy Duncan, Dave Ryan, Todd Simon, Mike Uhler, Marco Villanova, Rick Elias, Ted Kramer, Howard Locke, Don Markese, Paula Nichols, Scott Rogness, Angel Sheppard, Wade Short, Scott Strecker, Jimmy Willis, Thomas Cleo, Ken Empie, Ron Jeffrey, Mike Piccirillo, Chris Wilson, Barth Beasley, James Leary, Alphonse Philippe Mouzon, Kristie J. Canavan, Bethany Chesser, Tara Schwartz, Melissa Hurley, Cherie Hill, Robin Lindsley Allen, Tom Everett Scott"
"1997-06-05T16:00:00.000Z","Con Air",Rotten,75,55,"Nicolas Cage, John Cusack, John Malkovich, Steve Buscemi, Ving Rhames, Colm Meaney, Mykelti Williamson, Rachel Ticotin, Monica Potter, M.C. Gainey, John Roselius, Landry Allbright, Danny Trejo, Angela Featherstone, Renoly Santiago, Jesse Borrego, Nick Chinlund, José Zúñiga, Steve Eastin, Mario Roberts, Brendan Kelly, Carl N. Ciarfalio, Mongo Brownlee, Ned Bellamy, John Marshall Jones, Fredric Lane, Martin McSorley, Dylan Haggerty (II), Matt Barry, Dan Bell, Bob Stephenson, Scott Ditty, Tommy Bush, Lauren Suzanne Pratt, Steve Hulin, Don Charles McGovern, Dave Chappelle, Doug Hutchison, Carl Ciarfalio, Jeris Poindexter, David Ramsey, Conrad Goode, Emilio Rivera, Tyrone Granderson Jones, Earl Billings, Greg Collins, Billy Devlin, Mark Ginther, Joseph Patrick Kelly, Marty McSorley, Jeff Olson, Dawn Bluford, Charlie Paddock, Randee Barnes, Don S. Davis, Barbara Sharma, Brian Hayes Currie, Robert J. Stephenson, Ashley Smock, Charles Lynn Frost, Joey Miyashima, Scott Burkholder, Kevin Cooney, Gerard L'Heureux, Pete Antico, George Randall, James Bozian, Harley Zumbrum, Doug Dearth, David Roberson, Alexandra Balahoutis, Dick 'Skip' Evans, Sheldon Worthington, Robert Taft, Robert White, Chris Ellis, John Campbell, Brian Willems, Bill Cusack, Dabbs Greer, Marco Kyris, John Robotham"
"1997-06-26T16:00:00.000Z","Face/Off","Certified Fresh",82,92,"John Travolta, Nicolas Cage, Joan Allen, Alessandro Nivola, Gina Gershon, Dominique Swain, Nick Cassavetes, Colm Feore, Harve Presnell, John Carroll Lynch, CCH Pounder, Robert Wisdom, Margaret Cho, Thomas Jane, Danny Masterson, James Denton, Matt Ross, Tommy Flanagan, Dana Smith, Romy Walthall, Paul Hipp, Kirk Baltz, Chris Bauer, Lauren Sinclair, Ben Reed, Del Zamora, Lisa Boyle, Linda Hoffman, Michael Rocha, Megan Paul, Mike Werb, Tom Reynolds, Steve Hytner, Myles Jeffrey, Carmen Thomas, Walter Scott, Brooke Leslie, Jamie Denton, David McCurley, Cam Brainard, David Warshofsky, John Neidlinger, Norm Copton, Gregg Shawzin, Clifford Einstein, Marco Kyris, Tom Fridley, Andrew Wallace, Jacinto Rodriguez, Mike Webb, Chic Daniel, John Bloom, Laurence Walsh"
"1998-04-09T16:00:00.000Z","City of Angels",Rotten,82,58,"Nicolas Cage, Meg Ryan, Andre Braugher, Dennis Franz, Colm Feore, Robin Bartlett, Joanna Merlin, Sarah Dampf, Rhonda Dotson, Nigel Gibbs, John Putch, Lauri Johnson, Christian Aubert, Jay Patterson, Shishir Kurup, Brian Markinson, Hector Velasquez, Marlene Kanter, Bernard White, Dan Desmond, Deirdre O'Connell, Kim Murphy, Chad Lindberg, Alexander Folk, Rainbow Borden, Harper Roisman, Sid Hillman, Wanda Lee Evans, Wanda Christine, E.J. Callahan, Tudi Roche, David Moreland, Kristina Malota, Stan Davis, Mik Scriba, Nick Offerman, Kieu Chinh, Geoffrey A. Thorne, Peter Spellos, Jim Kline, Cherene Snow, Theodore Borders"
"1998-07-23T16:00:00.000Z","Saving Private Ryan","Certified Fresh",95,93,"Tom Hanks, Tom Sizemore, Matt Damon, Edward Burns, Barry Pepper, Adam Goldberg, Vin Diesel, Giovanni Ribisi, Jeremy Davies, Ted Danson, Paul Giamatti, Dennis Farina, Joerg Stadler, Max Martini, Dylan Bruno, Daniel Cerqueira, Demetri Goritsas, Ian Porter, Gary Sefton, Julian Spencer, Steve Griffin, William Marsh, Marc Cass, Markus Napier, Neil Finnighan, Peter Miles, Paul Garcia, Seamus McQuade, Ronald Longridge, Adam Shaw, Rolf Saxon, Corey Johnson, Loclann Aiken, John Barnett, MacLean Burke, Victor Burke, Aiden Condron, Paschal Friel, Shane Hagan, Paul Hickey, Shane Mikael Johnson, Laird Macintosh, Brian Maynard, Martin McDougall, Mark Phillips, Lee Rosen, Andrew Scott, Matthew Sharp, Vincent Walsh, Grahame Wood, John Sharian, Glenn Wrage, Crofton Hardester, Martin Hub, Raph Taylor, Nigel Whitmey, Sam Ellis, Erich Redman, Tilo Keiner, Stephan Cornicard, Michelle Evans, Martin Beaton, Anna Maguire, Nathan Fillion, Leland Orser, Michael Mantas, David Vegh, Ryan Hurst, Nick Brooks, Sam Scudder, Richard John Walters, Dorothy Grumbar, James Innes-Smith, Harve Presnell, Dale Dye, Bryan Cranston, David Wohl, Eric Loren, Valerie Colgan, Amanda Boxer, Harrison Young, Kathleen Byron, Rob Freeman, Thomas Gizbert"
"1998-12-17T16:00:00.000Z","You've Got Mail",Fresh,73,69,"Tom Hanks, Meg Ryan, Parker Posey, Greg Kinnear, Jean Stapleton, Dave Chappelle, Dabney Coleman, Steve Zahn, John Randolph, Heather Burns, Deborah Rush, Hallee Hirsh, Jeffrey Scaperrotta, Cara Seymour, Katie Finneran, Michael Badalucco, Veanne Cox, Sara Ramirez, Howard Spiegel, Diane Sokolow, Julie Kaas, Reiko Aylesworth, Katie Sagona, Kathryn Maisle, Nina Zoie Lam, Maggie Murphy, Michelle Blakely, Meredith White, Dianne Dreyer, Julie Galdieri, Leila Nichols, Mary Pat Kelly, Chris Messina, Ronobir Lahiri, André Sogliuzzo, Peter A. Mian, Richard Cohen, Enzo Angileri, Nick Brown, Ann Fleuchaus, Neil Bonin, Bill McHugh, Santiago Quinones, Lynn Grossman, Dolores Sirianni, Nicole Bernadette, Bonnie, Clovis"
"1999-10-21T16:00:00.000Z","Bringing Out the Dead","Certified Fresh",70,72,"Nicolas Cage, Patricia Arquette, John Goodman, Ving Rhames, Marc Anthony, Tom Sizemore, Mary Beth Hurt, Cliff Curtis, Nestor Serrano, Aida Turturro, Sonja Sohn, Cynthia Roman, Afemo Omilami, Cullen Oliver Johnson, Cullen O. Johnson, Arthur J. Nascarella, Julyana Soelistyo, Graciela Lecube, Marylouise Burke, Phyllis Somerville, Mary Diveny, Martin Scorsese, Tom Riis Farrell, Larry Fessenden, John Hefferman, Harper James Simon, Charis Michelson, Joseph Monroe Webb, Lia Yang, Rosemary Gomez, Luis Rodríguez, Richard Spore, Aleks Shaklin, Leonid Citer, Jesus A. Del Rosario Jr., Bernie Friedman, Theo Kogan, Fuschia Walker, Matthew Maher, Bronson Dudley, Marilyn McDonald, Ed Jupp Jr., J. Stanford Hoffman, Rita Norona Schrager, Don Berry, Mtume Gant, Michael A. Noto, Omar Sharif Scroggins, Michael Kenneth Williams, Andrew Davoli, Charlene Hunter, Jesse Malin, Jon Abrahams, Antone Pagan, Melissa Marsala, Betty Miller, Sylva Kelegian, Frank Ciornei, Catrina Ganey, Jennifer Lane Newman, John Bal, Raymond Cassar, Tom Cappadona, Jack A. O'Connell, Randy Foster, James Hanlon, Chris Edwards, Mark Girodano, Michael Mulheren, David Zayas, Terry Serpico, Brian Smyj, Floyd Resnick, Megan Leigh, David Vasquez, Judy Reyes, Joseph Reidy, Queen Latifah"
"1999-11-23T16:00:00.000Z","Toy Story 2","Certified Fresh",86,100,"Tim Allen, Joan Cusack, Kelsey Grammer, Don Rickles, Jim Varney, Wallace Shawn, John Ratzenberger, Wayne Knight, John Morris, Laurie Metcalf, David Ogden Stiers, Estelle Harris, R. Lee Ermey, Jodi Benson, Jonathan Harris, Joe Ranft, Andrew Stanton, Jeff Pidgeon, Wayne Knights, Annie Potts, Tom Hanks"
"1999-12-09T16:00:00.000Z","The Green Mile","Certified Fresh",94,79,"Tom Hanks, Michael Clarke Duncan, David Morse, Bonnie Hunt, James Cromwell, Michael Jeter, Graham Greene (II), Sam Rockwell, Doug Hutchison, Barry Pepper, Patricia Clarkson, Jeffrey DeMunn, Harry Dean Stanton, Eve Brent Ashe, William Sadler, Gary Sinise, Mark C. Miles, Doug Hutchinson, Rai Tasco, Edrie Warner, Dabbs Greer, Paula Malcomson, Christopher Ives, Evanne Drucker, Bailey Drucker, Brian Libby, Brent Briscoe, Bill McKinney, Rachel Singer, Scotty Leavenworth, Katelyn Leavenworth, Bill Gratton, Dee Croxton, Rebecca Jane Klingler, Gary Imhoff, Van Epperson, David E. Browning"
"2000-06-08T16:00:00.000Z","Gone in 60 Seconds (Gone in Sixty Seconds)",Rotten,77,25,"Nicolas Cage, Angelina Jolie, Giovanni Ribisi, Robert Duvall, Delroy Lindo, Timothy Olyphant, Will Patton, Christopher Eccleston, Vinnie Jones, William Lee Scott, Scott Caan, James Duval, Chi McBride, Grace Zabriskie, Holiday Hopke, Harry Van Gorkum, Frances Fisher, Grace Una, Jesse Corti, Taj ""T.J."" Cross, Stephen Shellen, Alexandra Balahoutis, Rainbow Borden, Victor Manni, Sanjay Pandya, Doria Anselmo, Lois Hall, TJ Cross, Dean Rader-Duval, C.J. Picerni, Kevin Weisman, Anthony Boswell, Billy Devlin, Bodhi Elfman, Arye Gross, Greg Collins, Cosimo Fusco, Eddie Mui, Joseph Patrick Kelly, Scott Burkholder, Margaret Kontra Palmer, Charlene Bloom, Kevin West, Billy 'Sly' Williams, Alex Walters, Lombardo Boyar, Angela Tassoni, Scott Rosenberg, Steve Danton, Tyler Patton, Carmen Argenziano, Dan Hilderbrand, Alexander King, Nick Meaney, Michael Peña, Juan Pina, Tim De Zarn, John Carroll Lynch, Doug Bennett, Bob Sattler, Trevor Goddard"
"2000-12-21T16:00:00.000Z","Cast Away","Certified Fresh",84,88,"Tom Hanks, Helen Hunt, Nick Searcy, Lari White, Geoffrey Blake, Jenifer Lewis, David Allen Brooks, Semion Suradikov, Nan Martin, Peter von Berg, Dmitri S. Boudrine, Leonid Citer, Anne Bellamy, Chris Noth, Dennis Letts, Wendy Worthington, Skye McKenzie, Valerie Wildman, John Duerler, Steve Monroe, Ashley Trefger, Lindsey Trefger, Alyssa Gainer, Kaitlyn Gainer, Lauren Gainer, Albert Pugliese, Gergory Pugliese, Brandon Reinhart, Matthew Reinhart, Lisa Long, Lauren Birkell, Elden Henson, Tim Stack, Alice Vaughn, Chase Mackenzie Bebak, Gage Bebak, Amanda Cagney, Andrea Cagney, Fred Semmer, Peter Semmer, Joe Conley, Aaron Rapke, Vin Martin, Garret Davis, Jay Acovone, Christopher Kriesa, Fred Smith, Michelle Robinson, Tommy Cresswell, Rich Sickler, Derick Alexander, François Duhamel, Michael Forest, Viveka Davis, Yelena Papovic, Valentina Ananyina, Jennifer Choe"
"2000-12-21T16:00:00.000Z","The Family Man",Rotten,67,53,"Nicolas Cage, Téa Leoni, Don Cheadle, Jeremy Piven, Saul Rubinek, Josef Sommer, Harve Presnell, Mary Beth Hurt, Lisa Thornhill, Amber Valletta, Francine York, Ruth Williamson, John F. O'Donohue, John O'Donohue, Makenzie Vega, Jake Milkovich, Ryan Milkovich, Tarri Markel, Daniel Whitner, Lucy Lin, Lisa Lo Cicero, Wass Stevens, Thomas James Foster, Irene Roseen, Ken Leung, Mak Fai, Maggi-Meg Reed, Kate Walsh, Ray Valentine, Gianni Russo, Tom McGowan, Joel McKinnon Miller, Tanya Newbould, Hilary Adahms, Troy Hall, Mary Civiello, Paul Keith, Elisabeth Sjoli, Philippe Bergeron, Christopher Breslin, Si Picker, Lisa Guzman, Robert Downey Sr., P.J. Barry, Nina Barry"
"2002-07-11T16:00:00.000Z","Road to Perdition","Certified Fresh",86,80,"Tom Hanks, Paul Newman, Jennifer Jason Leigh, Jude Law, Stanley Tucci, Daniel Craig, Tyler Hoechlin, Liam Aiken, Ciarán Hinds, Dylan Baker, David Darlow, Doug Spinuzza, Rob Maxey, Nicolas Cade, Dylan Barker, Craig Spidle, Ian Barford, Nicholas Cade, Stephen Dunn, Paul Turner, Maureen Gallagher, Kevin Chamberlin, Juanita Wilson, Stephen P. Dunn, Roderick Peeples, Keith Kupferer, Maurie Gallagher, Lee Roy Rogers, Kathleen Keane, Kieran O'Hare, Jackie Moran, Brendan McKinney, John Sierros, Jon Sattler, Michael Brockman, John Judd, Christian Stolte, Jack Callahan, The Monte Carlos, Kurt Naebig, Lance Baker, Monte, Duane Sharp, Diane Dorsey, Michael Sassone, John Sterchi, Robert Jones, Lara Phillips, Harry Groener, Mina Badie, Ed Kross, Heidi Jayne Netzley, Phil Ridarelli, Peggy Roeder, James Greene, Jobe Cerny, Lawrence MacGowan, Timothy Hendrickson, Marty Higginbotham"
"2002-12-05T16:00:00.000Z",Adaptation,"Certified Fresh",85,91,"Nicolas Cage, Meryl Streep, Chris Cooper, Tilda Swinton, Brian Cox, Cara Seymour, Maggie Gyllenhaal, Jay Tavare, Litefoot, Roger Willie, Jim Beaver, Judy Greer, Ron Livingston, Paul G. ""Litefoot"" Davis, Doug Jones, Stephen Tobolowsky, Gary Farmer, Peter Jason, Gregory Itzin, Curtis Hanson, Agnes Badoo, Paul Fortune, Paul Jasmin, Lisa Love, Wendy Mogel, David O. Russell, Bob Stephenson, Bob Yerkes, Lynn Court, Roger E. Fanter, Sandra Lee Gimpel, Caron Colvett, Larry Krask, John Etter, Ray Berrios, Nancy Lenehan, John Malkovich, John Cusack, Lance Acord, Catherine Keener"
"2002-12-24T16:00:00.000Z","Catch Me If You Can","Certified Fresh",89,95,"Leonardo DiCaprio, Tom Hanks, Christopher Walken, Martin Sheen, Nathalie Baye, Amy Adams, James Brolin, Brian Howe, Frank John Hughes, Steve Eastin, Chris Ellis, John Finn, Elizabeth Banks, Nancy Lenehan, Jennifer Garner, Phil Reeves, Ellen Pompeo, Frank Abagnale Jr., Guy Thauvette, Candice Azzara, Matthew Kimbrough, Joshua Boyd, Kaitlin Doubleday, Kelly McNair, Jonathan Danker, Maggie Mellin, Thomas Kopache, Margaret Travolta, Jimmie F. Skaggs, Alex Hyde-White, Lilyan Chauvin, Eugene Fleming, Robert Ruth, Robert Curtis-Brown, Jennifer Manley, James Morrison, Robert Symonds, Jennifer Kan, Robert Curtis Brown, Kelly Hutchinson, Steve Witting, Wendy Worthington, Jane Bodle, J. Patrick McCormack, Brian Goodman, Ray Proscia, Sarah Lancaster, Jill Matson, Mike Baldridge, Joel Ewing, Ritchie Montgomery, Jim Antonio, Angela Sorensen, Jonathan Brent, Benita Krista Nall, Shane Edelman, Andrew Meeks, Morgan Rusler, Jane Edith Wilson, Dave Hager, Kyle Davis, Patrick Thomas O'Brien, Jaime Ray Newman, Deborah Kellner, Mercedes Cornett, Amy Acker, Kitty Carlisle Hart, Robert Peters, James DuMont, Thomas Crawford, Sarah Rush, Jean Sebastien Bou, Malachi Throne, Alfred Dennis, Max J. Kerstein, Donna Kimball, Jan Munroe, Stephen Dunham, Brandon Keener, Jasmine Jessica Anthony, Anthony Powers, Lauren Cohn, Jeremy Howard, Jack Knight, Jamie Anderson, Kam Heskin, Ana Maria Quintana, Gerald R. Molen, Celine Du Tertre, Stan Bly, Jamie Moss, Jessica Collins, Frank W. Abagnale, Roger Leger, Jean-François Blanchard, Mathieu Gaudreault, Guy-Daniel Tremblay, Alexandre Bisping, Patrice Dussault, Paul Todd, Jake Wagner, Ashley Cohen, Kelly Cohen, Ellis Hall, Jack Wagner, Steven Meizler, Fred Datig Jr., Joe Garagiola, Kittie Carlisle Hart, Dominic Bond, Jean-François Brousseau, Francis Campeau, Raphaël Cardin, Marc-Antoine Côté, Antoine Drolet-Dumoulin, Léon Dussault-Gagné, Simon Houle-Gauthier, Vincent Généreux, Sebastien Jean, Pascal Larouche, William Lauzon, Florent Legault, Jason McNally, Julien Normandeau, David Parent-Laliberté, Alexandre Pepin, Nicolas Radeschi, Jonathan René, Samuel St. Amour"
"2003-09-11T16:00:00.000Z","Matchstick Men","Certified Fresh",74,82,"Nicolas Cage, Alison Lohman, Sam Rockwell, Bruce McGill, Bruce Altman, Jenny O'Hara, Sheila Kelley, Steve Eastin, Sheila Kennedy, Tim Kelleher, Nigel Gibbs, Beth Grant, Fran Kranz, Bill Saito, Tim Maculan, Stoney Westmoreland, Lynn Ann Leveridge, Giannina Facio, Sonya Eddy, Michael Clossin, Kim Cassidy, Paul Hubbard, Monnae Michaell, Dennis Anderson, Marco Kyris, Jerry Hauck, Jim Zulevic, Ramsey Malouky, Andi Sherrill, Kate Steele, Adam Clark, Daniel Villarreal, Marco Assante, Kevin La Rosa"
"2004-06-17T16:00:00.000Z","The Terminal",Fresh,74,61,"Tom Hanks, Catherine Zeta-Jones, Stanley Tucci, Chi McBride, Diego Luna, Barry Shabaka Henley, Barry Shabak-Henley, Kumar Pallana, Zoe Saldana, Eddie Jones, Michael Nouri, Jude Ciccolella, Corey Reynolds, Guillermo Díaz, Rini Bell, Stephen Mendel, Valery Nikolaev, Ana Maria Quintana, Bob Morrisey, Sasha Spielberg, Susan Slome, Mik Scriba, Jim Ishida, Carlease Burke, Stephon Fuller, Dan Finnerty, Anastasia Basil, Lydia Blanco, Lee Joseph Davis, Tonya Ivey, Kevin Mukherji, John Eddins, Kenneth Choi, Cas Anvar, Conrad Pla, Danette Mackay, Ian Finlay, Janique Kearns, Eddie Santiago, Kevin Ryder, Dusan Dukic, Mark Ivanir, Matt Holland, Benny Golson, Buster Williams, Mike Ledonne, Carl Allen, Carlo Allen, Scott Adsit, Robert Covarrubias, Terry Haig, Jeff Michael, Dilva Henry, Michelle Arthur, Thinh Truong, Sandrine Kwan, Carl Alacchi, Tanya Van Blokland, Evelyne De La Cheneliere, Laurie Meghan Phelps"
"2004-11-09T16:00:00.000Z","The Polar Express",Rotten,63,56,"Leslie Zemeckis, Tom Hanks, Michael Jeter, Nona Gaye, Steven Tyler, Eddie Deezen, Daryl Sabara, Charles Fleischer, Peter Scolari, Chris Coppola, Julene Renee, André Sogliuzzo, Jimmy Bennett, Brendan King, Isabella Peregrina, Andy Pellick, Josh Eli, Mark Mendonca, Rolandas Hendricks, Ed Gale, Mark Goodman, Jon Scott Rafeld, Josh Hutcherson, Gregory Gast, Hayden McFarland, Sean Scott, Connor Matheus, Gordon Hart, Jimmy 'Jax' Pinchak, Chantel Valdivieso, Phil Fondacaro, Debbie Lee Carrington, Mark Povinelli, Dante Pastula, Eric Newton, Aidan O'Shea, Aaron Hendry, Kevin C. Carr, Bee Jay Joyer, Jena Carpenter, Karine Mauffrey, Beth Carpenter, Bill Forchion, Devin Henderson, Sagiv Ben-Binyamin, Ashly Holloway, Evan Sabara"
"2004-11-18T16:00:00.000Z","National Treasure",Rotten,76,46,"Nicolas Cage, Diane Kruger, Justin Bartha, Sean Bean, Jon Voight, Harvey Keitel, Christopher Plummer, Hunter Gomez, David Dayan Fisher, Stewart Finlay-McLennan, Oleg Taktarov, Stephen Pope, Annie Parisse, Mark Pellegrino, Armando Riesco, Erik King"
"2005-09-15T16:00:00.000Z","Lord of War",Fresh,85,62,"Nicolas Cage, Jared Leto, Ethan Hawke, Bridget Moynahan, Shake Toukhmanian, Jean-Pierre Nshanian, Ian Holm, Jared Burke, Eric Uys, David Shumbris, Stewart Morgan, Jasper Lenz, Kobus Marx, Stephan De Abreu, Jeremy Crutchley, Tanya Finch, Lize Jooste, Davis Shumbris, Yaseen Abdullah, Shake Tukhmanyan, Donald Sutherland, David C. Harman, Neil Tweddle, Prosper Hakiziman, Chi Zhang Yi, Sajad Khan, John Sferopoulos, Gamiet Petersen, Danie Struwig, Tony Caprari, Jack Niccol, Annelene Terblanche, Stanislav Majer, Evgeniy Lazarev, Zdenek Pechacek, Weston Cage, Larissa Bond, Sammi Rotibi, Gugulethu Zulu, Debbie Jones, Mirriam Ngomani, Eamonn Walker, Tayo Oyekoya, Dexter Nwanya Jr., Yule Masiteng, Liya Kebede, Jasmine Burgess, Siyamthanda Ndlangalavu, Tanit Phoenix, Kutcha Hardy, Konstantin Egorov, Vadim Dobrin"
"2006-06-08T16:00:00.000Z",Cars,"Certified Fresh",79,75,"Owen Wilson, Paul Newman, Bonnie Hunt, Larry The Cable Guy, Cheech Marin, Tony Shalhoub, Guido Quaroni, Jenifer Lewis, Paul Dooley, Michael Wallis, George Carlin, Katherine Helmond, John Ratzenberger, Joe Ranft, Michael Keaton, Jeremy Piven, Bob Costas, Darell Waltrip, Richard Kind, Edie McClurg, H.A. 'Humpy' Wheeler, Humpy Wheeler, Tom Magliozzi, Ray Magliozzi, Richard Petty, Andrew Stanton, Dale Earnhardt Jr., Michael Schumacher, Jay Leno, Mario Andretti, Sarah Clark, Mike ""No Name"" Nelson, Jonas Rivera, Lou Romano, Adrian Ochoa, E.J. Holowicki, Elissa Knight, Lindsey Collins, Larry Benton, Tom Hanks, Tim Allen, Douglas ""Mater"" Keever, Billy Crystal, John Goodman, Dave Foley, Michael Patrick Bell, Susan Blu, Andrea Boerries, Rodger Bumpass, Torbin Xan Bullock, Richard Cawood, Scott Clark, Kathy Coates, Jennifer Darling, Randy Newman, Brian Fee, Craig Good, James Taylor, Sheryl Crow, Artie Kempner, John Mayer, Hooman Khalili, Sonoko Konishi, Erik Langley, Laraine Newman, Teddy Newton, Colleen O'Shaughnessy, Bob Peterson, Steve Purcell (II), A. J. Riebli III, Steve Schaffer, Ken Schretzmann, Bob Scott, Matt Staudt, Jay Ward, Jim Ward, Colette Whitaker"
"2006-06-27T16:00:00.000Z","Who Killed the Electric Car?","Certified Fresh",84,89,"Greg ""Gadget"" Abbot, David Freeman, Dave Barthmuss, Tom Hanks, Mel Gibson, Jim Boyd and His Men of the West, Peter Horton, Alexandra Paul, Alec N. Brooks, Alan Cocconi, Phyllis Diller, Colette Divine, John R. Dabels, Chelsea Sexton, Bob Sexton, Tom Everhart, David S. Freeman, Ralph Nader, Ed Begley Jr., Frank Gaffney, J. Karen Thomas, Marc Geller, Paul Scott, Greg Hanssen, Huell Howser, Leslie Kendall, Doug Korthof, Alan C. Lloyd, Alan Lowenthal, Edward H. Murphy, Dan Neil, Linda Nicholes, Iris Ovshinsky, Stanford Ovshinsky, Bill Reinert, Wally Rippel, Paul Roberts, Joseph J. Romm, Martin Sheen, Jananne Sharpless, John R. Wallace, R. James Woolsey, Bill Wylam"
"2006-08-08T16:00:00.000Z","World Trade Center",Fresh,60,67,"Nicolas Cage, Michael Peña, Maggie Gyllenhaal, Maria Bello, Stephen Dorff, Jay Hernandez, Michael Shannon, Jude Ciccolella, Connor Paolo, Anthony Piccininni, Alexa Gerasimovich, Morgan Flynn, Armando Riesco, Viola Davis, Jon Bernthal, Nicholas Turturro, Danny Nucci, Ned Eisenberg, Tyree Simpson, Patti D'Arbanville, Donna Murphy, Dorothy Lyman, William Jimeno, Nick Damici, Martin Pfefferkorn, Nelson Peña, Marcos Palma, Andre Ward, Cliff Bemis, Harmonica Sunbeam, Tawny Cypress, Robert Blanche, Tom Wright, Terry Quinn, Ed Jewett, Maria Helan Checa, Brad William Henke, Nicky Katt, Lucia Brawley, Kimberly Scott, Dara Coleman, Tiffany Marie Romano, Jordan Lage, Gregory Jbara, Wass Stevens, Peter McRobbie, Julie Adams, Tony Genaro, Aixa Maldonado, William Mapother, Arthur J. Nascarella, Frank Whaley"
"2007-06-20T16:00:00.000Z","Planet Terror (Grindhouse Presents: Robert Rodriguez's Planet Terror)",Fresh,77,74,"Rose McGowan, Freddy Rodriguez, Josh Brolin, Marley Shelton, Jeff Fahey, Michael Biehn, Bruce Willis, Michael Parks, Naveen Andrews, Fergie, Jerili Romeo, Tom Savini, Rebel Rodriguez, Carlos Gallardo, Quentin Tarantino, Nicky Katt, Electra Avellan, Elise Avellan, Greg Kelly, Hung Nguyen, Cecilia Conti, Tommy Nix, Skip Reissig, Troy Robinson, Derek Southers, Jason Douglas, Felix Sabates, Doran Ingrham, Johnny Reno, Danny Trejo, Cheech Marin, Tracie Thoms, Mary Elizabeth Winstead, Zoe Bell, Marcy Harriell, Eli Roth, Omar Doom, Michael Bacall, Monica Staggs, Tina Rodriguez, Nicolas Cage, Udo Kier, Sheri Moon Zombie, Matthew MacFadyen, Julio Oscar Mechoso, Geraldo Rivera, Jerili Romero, Feliz Sabates, Stacy Ferguson"
"2007-07-26T16:00:00.000Z","The Simpsons Movie","Certified Fresh",77,88,"Julie Kavner, Dan Castellaneta, Nancy Cartwright, Yeardley Smith, Harry Shearer, Marcia Wallace, Billie Joe Armstrong, Erin Brockovich, Dan Catellaneta, Frank Edwin Wright III, Billy Joe Armstrong, Michael Pritchard, Minnie Driver, Tress MacNeille, Pamela Hayden, Joe Mantegna, Albert Brooks, Russi Taylor, Karl Wiedergott, Maggie Roswell, Tom Hanks, Phil Rosenthal, Hank Azaria, Blake Neely, Nick Gelnnie-Smith"
"2007-12-20T16:00:00.000Z","Charlie Wilson's War","Certified Fresh",73,82,"Tom Hanks, Philip Seymour Hoffman, Amy Adams, Ned Beatty, Julia Roberts, Emily Blunt, Om Puri, Ken Stott, John Slattery, Denis O'Hare, Jud Tylor, Terry Bozeman, Brian Markinson, Hilary Angelo, Cyia Batten, Kirby Mitchell, Ed 'The Machine' Regine, Daniel Eric Gold, Peter Gerety, Wynn Everett, Mary Bonner Baker, Rachel Nichols, Shiri Appleby, P.J. Byrne, Thomas Crawford, Joe Roland, Patrika Darbo, Amanda Loncar, Salaheddine Benchegra, Faran Tahir, Rizwan Manji, Maurice Sherbanee, Salam Sangi, Navid Negahban, Mozhan Marnò, R.M. Haley, Michael Spellman, Russell Edge, Christopher Denham, Joe Sikora, Gabriel Tigerman, Tracy Phillips, Ron Fassler, Nancy Linehan Charles, Daston Kalili, Pasha D. Lychnikoff, Ilia Volok, Sammy Sheik, Quill Roberts, Jim Jansen, Harry S. Murphy, Spencer Garrett, Kevin Cooney"
"2007-12-20T16:00:00.000Z","National Treasure: Book of Secrets",Rotten,67,36,"Nicolas Cage, Justin Bartha, Diane Kruger, Jon Voight, Helen Mirren, Ed Harris, Harvey Keitel, Bruce Greenwood, Ty Burrell, Michael Maize, Timothy V. Murphy, Alicia Coppola, Armando Riesco, Albert Hall, Joel Gretsch, Christian Camargo, Brent Briscoe, Billy Unger, Michael Manuel Torres, Brad Rowe, Zachary Gordon, Peter Woodward, Oliver Muirhead, Larry Cedar, Troy Winbush, Billy Devlin, William R. Johnson, Richard Cutting, Rachel Cora Wood, Alicia Leigh Willis, Rachel Cora Wood, Lisa Sheldon Miller, Natalie Dreyfuss, Michael Stone Forrest, Susan Lynskey, David E. Goodman, Grant Thompson, Patrizia Dizebba, Frank Herzog, Jon Abel, Maryellen Aviano, Eric W. Carlson, Mary Firestone, Randy Travis, Robert Koch, Emerson Brooks, Tim Talman, Emily Joyce, Glenn Beck, Judy Renihan, Stephen Hibbert, Jonathan Emmett, Susan Beresford, Demetri Goritsas, Charity Reindorp, C.C. Smiff, Demitri Goritsas, David Ury, Milsey Peter Miles, Ben Homewood, Michael McCafferty, Russ Widdall, Hans George Struhar, Poetri, John Travis, Don Harper, Tom Calderaro"
"2010-04-15T16:00:00.000Z","Kick-Ass","Certified Fresh",81,76,"Aaron Taylor-Johnson, Nicolas Cage, Christopher Mintz-Plasse, Mark Strong (II), Chloë Grace Moretz, Omari Hardwick, Xander Berkeley, Michael Rispoli, Clark Duke, Lyndsy Fonseca, Evan Peters, Dexter Fletcher, Corey Johnson, Jason Flemyng, Kenneth Simmons, Randall Batinkoff, Garrett M. Brown, Elizabeth McGovern, Deborah Twiss, Sophie Wu, Anthony Desio, Adrian Martinez, Joe Bacino, Stu ""Large"" Riley, Walle Jobara, Carlos Besse Peres, Tamer Hassan, Yancy Butler, Tim Plester, Hubert Boorder, Craig Ferguson, Omar Soriano, Kofi Natei, Johnny Hopkins, Ohene Cornelius, Russell Bentley, Chris T.J. McGuire, Max White, Dean Copkov, Jacob Cartwright, Maurice DuBois, Dana Tyler, Dan Duran, Louis Young, Katrena Rochell, Harley Quinn Smith"
"2010-06-17T16:00:00.000Z","Toy Story 3","Certified Fresh",89,98,"Tom Hanks, Tim Allen, Joan Cusack, Ned Beatty, Don Rickles, Michael Keaton, Wallace Shawn, John Ratzenberger, Estelle Harris, John Morris, Jodi Benson, Laurie Metcalf, Blake Clark, Teddy Newton, Bud Luckey, Beatrice Miller, Javier Fernández-Peña, Timothy Dalton, Lori Alan, Charlie Bright, Kristen Schaal, Jeff Garlin, Bonnie Hunt, John Cygan, Jeff Pidgeon, Whoopi Goldberg, Jack Angel, R. Lee Ermey, Jan Rabson, Richard Kind, Erik von Detten, Amber Kroner, Brianna Maiwand, Jack Willis"
"2012-01-19T16:00:00.000Z","Extremely Loud & Incredibly Close",Rotten,61,46,"Tom Hanks, Thomas Horn, Sandra Bullock, Zoe Caldwell, Dennis Hearn, Paul Klementowicz, Julian Tepper, Caleb Reynolds, John Goodman, Max von Sydow, Stephen Henderson, James Gandolfini, Lorna Pruce, Viola Davis, Jeffrey Wright, Hazelle Goodman, Bernadette Drayton, David Latham, Marty Krzywonos, Jim Norton, Carmen M. Herlihy, Ryka Dottavio, Chloe Roe, Diane Cheng, Gregory Korostishevsky, Adrian Martinez, Marco Verna, Brandon Jeffers, Martin E. Brens, Gustavo Brens, Brooke Bloom, Rene Ojeda, Madison Arnold, Henry Morales-Ballet, Bryse Gregory, William Youmans, Kit Flanagan, Jenson Smith, Ray Iannicelli, Miguel Jarquin-Moreland, Benjamin McCracken, Malachi Weir, John Joseph Gallagher, Sam Kaufman, Stephen Kunken, Kim Rideout, Chloe Elaine Scharf, Eva Kaminsky, Christopher Hardwick, Kate Levy, Stephanie Kurtzuba, Catherine Curtin, Lola Pashalinski, Clayton James Mackay, Bailey Grey, Alexandre Desplat"
"2012-10-25T16:00:00.000Z","Cloud Atlas",Fresh,66,66,"Tom Hanks, Halle Berry, Jim Broadbent, Hugo Weaving, Jim Sturgess, Bae Doo-na, Ben Whishaw, James D'Arcy, Xun Zhou, Keith David, David Gyasi, Susan Sarandon, Hugh Grant, Robert Fyfe, Alex Wuttke, Robin Morrissey, Brody Nicholas Lee, Ian Van Temperley, Amanda Walker, Ralph Riach, Andrew Havill, Tanja De Wendt, Raeven Lee Hanan, Götz Otto, Nial Fulton, Louis Dempsey, Martin Docherty, Alistair Petrie, Zhu Zhu, Sylvestra Le Touzel, Shaun Lawton, Dulcie Smart, Gary McCormack, Katy Karrenbauer, David Mitchell, Marco Albrecht, Cody Lee, Heike Hanold-Lynch, Jojo Schoning, Laura Vietzen, Thomas Kügel, Marie Ronnenbeck, Ruby Kastner, Emma Werz, Mya-Lecia Naylor, Korbyn Hanan, Anna Holmes, Moritz Berg, Gigi Lee, Genevien Lee, Victor Esteban Sole, Kristoffer Fuss"
"2013-03-21T16:00:00.000Z","The Croods",Fresh,77,71,"Nicolas Cage, Emma Stone, Ryan Reynolds, Catherine Keener, Clark Duke, Cloris Leachman, Randy Thom, Chris Sanders, Alan Silvestri"
"2013-10-10T16:00:00.000Z","Captain Phillips","Certified Fresh",89,93,"Tom Hanks, Catherine Keener, Barkhad Abdi, Michael Chernus, Corey Johnson, Chris Mulkey, Yul Vázquez, David Warshofsky, Max Martini, Faysal Ahmed, Mahat M. Ali, Omar Berdouni, Mohammed Ali, Issak Farah Samatar, Thomas Grube, Mark Holden, San Shella, Terrence Anderson, Marc Anwar, David Webber, Amr El-Bayoumi, Vincenzo Nicoli, Kapil Arun, Louis Mahoney, Peter Landi, Angus MacInnes, Ian Ralph, Kristian Hjordt Beck, Kurt Larsen, Bader Choukouko, Idurus Shiish, Azeez Mohammed, Abdurazak Ahmed Adan, Duran Mohamed Hassan, Nasir Jama, Kadz Souleiman, Scott Oates, David Meadows, Shad Jason Hamilton, Adam Wendling, Billy Jenkins, Mark Semos, Dean Franchuk, Rey Hernandez, Christopher Stadulis, Roger Edwards, John Patrick Barry, Raleigh Morse, Dale McClellan, Hugh Middleton, Raymond Care, Stacha Hicks, Will Bowden, Leonard Anderson"
"2013-10-15T16:00:00.000Z","Toy Story of Terror!",Fresh,84,94,"Tom Hanks, Tim Allen, Joan Cusack, Carl Weathers, Timothy Dalton, Don Rickles, Wallace Shawn, Kristen Schaal"
"2013-12-19T16:00:00.000Z","Saving Mr. Banks","Certified Fresh",84,79,"Emma Thompson, Tom Hanks, Colin Farrell, Bradley Whitford, Paul Giamatti, Jason Schwartzman, B.J. Novak, Ruth Wilson, Annie Rose Buckley, Rachel Griffiths, Kathy Baker"
"2014-04-10T16:00:00.000Z",Joe,"Certified Fresh",68,85,"Nicolas Cage, Tye Sheridan, Gary Poulter, Ronnie Gene Blevins, Adrienne Mishler, A.J. Wilson McPhaul, Sue Rock, Heather Kafka, Brenda-Isaacs Booth, Anna Niemtschk, Christopher Stoaling, Robert ""Spike"" Mickens, Jim Castel, Subhash Dutta, Srikanth Addala, Kevin Patrick Connors, Lico Reyes, Lazaro Solares, Gerd Jochum, Elbert Hill Jr., Jonny Mars, Jon Bonzor, Gregory M. Walker, Sharmista Roy, Mary Francis Eglin, Cécile Couraud, Ron Hurlbut, Christopher England, Lynette Walden, Dana Freitag, Mark Whigham"
"2014-12-01T16:00:00.000Z","Toy Story That Time Forgot",Fresh,82,100,"Tom Hanks, Tim Allen, Kristen Schaal, Kevin Mckidd, Emily Hahn"
"2015-10-15T16:00:00.000Z","Bridge of Spies","Certified Fresh",87,91,"Tom Hanks, Mark Rylance, Alan Alda, Amy Ryan, Noah Schnapp, Scott Shepherd, Sebastian Koch, Domenick Lombardozzi, Dakin Matthews, Peter McRobbie, Eve Hewson, Michael Gaston, Billy Magnussen, Marko Caka, Edward James Hyland, Austin Stowell, Victor Verhaeghe, Mark Fichera, Brian Hutchison, Joshua Harto, Henny Russell, Rebekah Brockman, Jesse Plemons, John Rue, Jillian Lebling, Joel Brady, Michael Pemberton, Geoffrey Rude, Michael Kempen, Stephen Kunken, Jon Curry, Wes McGee, Jim Ferris, Lucia Ryan, Nolan Lyons, Hayley Feinstein, Andy Schneeflock, Victoria Leigh, Sawyer Barth, Ashlie Atkinson, Hayley Rawson, Laurie Dawn, James Lorinz, Patricia Squire, Mario Corry, Donavon Dietz, Le Chance DuRand, Mike Houston, Joe Starr, Hamilton Clancy, Jonathan Walker, Greg Nutcher, John Taylor, Tracy Howe, Steven Boyer, John Henry Cox, Mark Zak, Victor Schefe, Will Rogers (IV), Daniela Schulz, Moritz Berg, Emma Nazahn, Matthias Scherwenikas, Greta Galisch DePalma, Matilda Palma Galisch, Nadja Bobyleva, Kai Wido Meyer, Kristoffer Fuss, Thomas Hacikoglu, David Wilson Barnes, Joe Forbrich, Henning Bormann, Ketel Weber, Maik Rogge, Tim Morten Uhlenbrock, Mathias Gartner, Rafael Gareisen, Nico Ehrenteit, Radik Golovkov, Petra Marie Cammin, Lucy Dreznin, Michael Schenk, Mikhail Gorevoy, Wanja Götz, Stefan Langel, Vladimir Vilanov, Ivan Shvedov, Merab Ninidze, Konstantin Frolov, Steve Cirbus, Michael Kranz, Max Kidd, Frederic Heidorn, Nils Malten, Nina Gummich, Burghart Klaussner, Maximilian Mauff, Jon Donahue, Martin D. Dew"
"2016-09-08T16:00:00.000Z",Sully,"Certified Fresh",84,86,"Tom Hanks, Aaron Eckhart, Valerie Mahaffey, Delphi Harrington, Mike O'Malley, Jamey Sheridan, Anna Gunn, Holt McCallany, Laura Linney"
"2016-09-15T16:00:00.000Z",Snowden,Fresh,70,60,"Joseph Gordon-Levitt, Shailene Woodley, Zachary Quinto, Melissa Leo, Tom Wilkinson, Rhys Ifans, Nicolas Cage, Scott Eastwood, Joely Richardson, Timothy Olyphant, Ben Schnetzer, Christy Meyers, Jaymes Butler, Robert Firth, LaKeith Stanfield, Rachel Handshaw, Christian Contreras, Parker Sawyers, Kenneth Thomas, Michael Benz, Nicolas Rowe, Erol Sander, Stephanie Simbeck, Ben Chaplin, Mathangi Ray, Ashani Perera, Demitri Goritsas"
"2017-06-29T16:00:00.000Z",Inconceivable,Rotten,64,31,"Nicolas Cage, Gina Gershon, Nicky Whelan, Faye Dunaway, Natalie Eva Marie, Sienna Soho Baker, Harlow Bottarini, Jonathan  Baker, James Van Patten, Ele Bardha, Hunter Bodine, Leanna Huebner, Corrie Danieley, Burgess Byrd, Tess Talbot, Tyler Jon Olson, Pernille Trojgaard, Nicholas Lynch"
"2017-08-17T16:00:00.000Z","California Typewriter",Fresh,83,100,"Tom Hanks, John Mayer, David McCullough, Sam Shepard"
"2018-01-11T16:00:00.000Z","The Post","Certified Fresh",73,88,"Meryl Streep, Tom Hanks, Alison Brie, Sarah Paulson, Bob Odenkirk, Tracy Letts, David Cross, Bruce Greenwood, Jesse Plemons, Matthew Rhys, Michael Stuhlbarg, Bradley Whitford, Zach Woods, Pat Healy, John Rue, Rick Holmes, Philip Casnoff, Jessie Mueller, Stark Sands, Michael Cyril Creighton, Will Denton, Deirdre Lovejoy, Michael Devine, Kelly Miller, Jennifer Dundas, Austyn Johnson, Brent Langdon, DeBorah Green, Gary Wilmes, Christopher Innvar, Luke Slattery, Justin Swain, Robert G. Mckay, Sasha Spielberg, Bryan Burton, Coral Pena, Dan Bittner, Carrie Coon, Jon Donahue"
"2018-07-26T16:00:00.000Z","Teen Titans Go! To the Movies","Certified Fresh",72,91,"Greg Cipes, Scott Menville, Khary Payton, Tara Strong, Hynden Walch, Will Arnett, Kristen Bell, Nicolas Cage, Halsey, Lil Yachty, Eric Bauza, Kal-El Cage, Michael Bolton, Joey Cappabianca, Greg Davies, John DiMaggio, David Kaye, Tom Kenny, Jimmy Kimmel, Stan Lee, Vanessa Marshall, Phil Morris, Patton Oswalt, Alexander Polinsky, Meredith Salenger, Dave Stone, Fred Tatasciore, James Arnold Taylor, Wil Wheaton"
"2018-09-13T16:00:00.000Z",Mandy,"Certified Fresh",66,91,"Nicolas Cage, Andrea Riseborough, Linus Roache, Ned Dennehy, Olwen Fouéré, Richard Brake, Bill Duke, Paul Painter, Hayley Saywell"
"2018-12-13T16:00:00.000Z","Spider-Man: Into the Spider-Verse","Certified Fresh",93,97,"Shameik Moore, Jake Johnson (XVI), Hailee Steinfeld, Mahershala Ali, Brian Tyree Henry, Lily Tomlin, Luna Lauren Vélez, Zoë Kravitz, John Mulaney, Kimiko Glenn, Nicolas Cage, Kathryn Hahn, Liev Schreiber, Chris Pine, Natalie Morales"
"2019-06-20T16:00:00.000Z","Toy Story 4","Certified Fresh",94,97,"Tom Hanks, Tim Allen, Annie Potts, Tony Hale, Keegan-Michael Key, Jordan Peele, Madeleine McGraw, Christina Hendricks, Keanu Reeves, Ally Maki, Jay Hernandez, Lori Alan, Joan Cusack, Bonnie Hunt, Kristen Schaal, Wallace Shawn, John Ratzenberger, Blake Clark, Don Rickles, Jeff Garlin, Estelle Harris, Jodi Benson"
